state,sunshine_hour
NSW,7.100840336
QLD,7.212171053
SA,7.03125
TAS,5.192857143
VIC,5.381355932
WA,7.130947232
